State,Total_Crashes,Num_Injured,Num_Killed,Total_Vehicles_Involved,SPV,DAD,PWR,FTQ,Other_Factors,Quarter_num,Year,Fatality_Rate,Injury_Rate,Vehicles_per_Crash,Total_Factors
Abia,30,146,31,37,19,0,0,0,18,Q4,2020,103.3,486.7,1,37
Adamawa,77,234,36,94,57,0,0,0,37,Q4,2020,46.8,303.9,1,94
Akwa Ibom,22,28,7,24,15,0,0,1,8,Q4,2020,31.8,127.3,1,24
Anambra,72,152,20,83,43,1,0,0,39,Q4,2020,27.8,211.1,1,83
Bauchi,154,685,90,140,74,0,0,0,66,Q4,2020,58.4,444.8,1,140
Bayelsa,1,3,0,1,1,0,0,0,0,Q4,2020,0.0,300.0,1,1
Benue,77,177,25,81,81,0,0,0,0,Q4,2020,32.5,229.9,1,81
Borno,25,67,16,18,11,0,0,0,7,Q4,2020,64.0,268.0,1,18
Cross River,33,65,11,39,23,0,0,0,16,Q4,2020,33.3,197.0,1,39
Delta,67,182,36,111,70,0,0,0,41,Q4,2020,53.7,271.6,2,111
Ebonyi,27,82,11,29,9,0,0,0,20,Q4,2020,40.7,303.7,1,29
Edo,55,118,32,102,77,0,0,0,25,Q4,2020,58.2,214.5,2,102
Ekiti,30,71,9,46,23,1,0,0,22,Q4,2020,30.0,236.7,2,46
Enugu,44,116,30,48,10,0,0,0,38,Q4,2020,68.2,263.6,1,48
FCT,312,572,90,480,284,1,0,2,193,Q4,2020,28.8,183.3,2,480
Gombe,70,231,26,84,59,0,0,0,25,Q4,2020,37.1,330.0,1,84
Imo,31,91,15,24,11,0,0,0,13,Q4,2020,48.4,293.5,1,24
Jigawa,92,318,64,177,118,0,0,0,59,Q4,2020,69.6,345.7,2,177
Kaduna,281,1010,224,363,194,0,0,0,169,Q4,2020,79.7,359.4,1,363
Kano,102,499,194,130,90,0,0,2,38,Q4,2020,190.2,489.2,1,130
Katsina,77,277,39,107,80,0,0,0,27,Q4,2020,50.6,359.7,1,107
Kebbi,58,222,56,64,45,0,0,0,19,Q4,2020,96.6,382.8,1,64
Kogi,122,335,55,178,91,1,0,1,85,Q4,2020,45.1,274.6,1,178
Kwara,102,313,60,163,105,0,0,0,58,Q4,2020,58.8,306.9,2,163
Lagos,113,181,21,114,46,1,0,3,64,Q4,2020,18.6,160.2,1,114
Nasarawa,200,513,65,271,114,0,0,0,157,Q4,2020,32.5,256.5,1,271
Niger,110,347,91,126,102,0,0,0,24,Q4,2020,82.7,315.5,1,126
Ogun,279,548,83,377,254,0,0,0,123,Q4,2020,29.7,196.4,1,377
Ondo,114,320,84,155,107,0,0,1,47,Q4,2020,73.7,280.7,1,155
Osun,109,292,52,143,93,0,0,0,50,Q4,2020,47.7,267.9,1,143
Oyo,155,385,68,209,128,0,0,4,77,Q4,2020,43.9,248.4,1,209
Plateau,45,123,17,48,18,2,0,0,28,Q4,2020,37.8,273.3,1,48
Rivers,25,77,6,29,19,0,0,0,10,Q4,2020,24.0,308.0,1,29
Sokoto,32,138,47,60,49,0,0,0,11,Q4,2020,146.9,431.2,2,60
Taraba,59,149,7,92,57,0,0,0,35,Q4,2020,11.9,252.5,2,92
Yobe,56,383,60,53,28,0,0,0,25,Q4,2020,107.1,683.9,1,53
Zamfara,55,252,40,72,40,0,0,0,32,Q4,2020,72.7,458.2,1,72
Abia,44,119,35,36,7,0,0,0,29,Q1,2021,79.5,270.5,1,36
Adamawa,84,251,21,110,60,0,0,0,50,Q1,2021,25.0,298.8,1,110
Akwa Ibom,22,35,12,24,15,0,0,0,9,Q1,2021,54.5,159.1,1,24
Anambra,80,147,9,109,59,0,0,0,50,Q1,2021,11.2,183.8,1,109
Bauchi,131,634,115,153,77,0,0,0,76,Q1,2021,87.8,484.0,1,153
Bayelsa,7,15,0,9,7,0,1,0,1,Q1,2021,0.0,214.3,1,9
Benue,52,123,15,54,46,0,0,0,8,Q1,2021,28.8,236.5,1,54
Borno,31,78,24,46,31,0,0,0,15,Q1,2021,77.4,251.6,1,46
Cross River,25,50,30,31,17,0,0,0,14,Q1,2021,120.0,200.0,1,31
Delta,71,196,51,108,68,0,0,0,40,Q1,2021,71.8,276.1,2,108
Ebonyi,31,121,27,32,13,0,0,0,19,Q1,2021,87.1,390.3,1,32
Edo,56,140,51,89,68,0,0,0,21,Q1,2021,91.1,250.0,2,89
Ekiti,31,101,13,41,29,1,0,0,11,Q1,2021,41.9,325.8,1,41
Enugu,66,222,37,75,3,0,0,0,72,Q1,2021,56.1,336.4,1,75
FCT,278,518,56,400,158,1,0,0,241,Q1,2021,20.1,186.3,1,400
Gombe,72,232,31,82,33,0,0,0,49,Q1,2021,43.1,322.2,1,82
Imo,16,71,17,16,5,0,0,0,11,Q1,2021,106.2,443.8,1,16
Jigawa,67,264,35,132,82,0,0,1,49,Q1,2021,52.2,394.0,2,132
Kaduna,256,1149,196,368,211,0,0,7,150,Q1,2021,76.6,448.8,1,368
Kano,137,604,100,184,110,0,0,3,71,Q1,2021,73.0,440.9,1,184
Katsina,71,287,29,93,74,0,0,0,19,Q1,2021,40.8,404.2,1,93
Kebbi,44,139,21,47,38,0,0,0,9,Q1,2021,47.7,315.9,1,47
Kogi,143,425,94,216,105,1,0,0,110,Q1,2021,65.7,297.2,2,216
Kwara,100,369,69,163,91,0,0,0,72,Q1,2021,69.0,369.0,2,163
Lagos,151,243,26,152,85,0,0,2,65,Q1,2021,17.2,160.9,1,152
Nasarawa,176,452,77,218,75,1,0,1,141,Q1,2021,43.8,256.8,1,218
Niger,108,492,93,171,128,0,0,2,41,Q1,2021,86.1,455.6,2,171
Ogun,299,670,82,407,270,0,0,0,137,Q1,2021,27.4,224.1,1,407
Ondo,115,290,43,152,96,0,0,2,54,Q1,2021,37.4,252.2,1,152
Osun,105,317,43,132,78,0,0,3,51,Q1,2021,41.0,301.9,1,132
Oyo,176,399,103,222,129,0,2,1,90,Q1,2021,58.5,226.7,1,222
Plateau,48,130,15,51,15,0,0,0,36,Q1,2021,31.2,270.8,1,51
Rivers,21,54,4,22,12,0,0,0,10,Q1,2021,19.0,257.1,1,22
Sokoto,37,119,33,57,46,0,0,0,11,Q1,2021,89.2,321.6,2,57
Taraba,67,213,12,104,31,0,0,0,73,Q1,2021,17.9,317.9,2,104
Yobe,42,235,35,51,28,0,0,0,23,Q1,2021,83.3,559.5,1,51
Zamfara,41,153,14,47,29,0,0,0,18,Q1,2021,34.1,373.2,1,47
Abia,21,69,19,32,20,0,0,0,12,Q2,2021,90.5,328.6,2,32
Adamawa,90,280,21,107,70,0,0,0,37,Q2,2021,23.3,311.1,1,107
Akwa Ibom,16,32,10,17,10,0,0,0,7,Q2,2021,62.5,200.0,1,17
Anambra,66,138,18,100,37,0,0,0,63,Q2,2021,27.3,209.1,2,100
Bauchi,105,418,46,112,55,0,0,0,57,Q2,2021,43.8,398.1,1,112
Bayelsa,10,19,3,10,5,0,0,0,5,Q2,2021,30.0,190.0,1,10
Benue,69,170,19,69,63,0,0,0,6,Q2,2021,27.5,246.4,1,69
Borno,17,65,4,24,7,0,0,0,17,Q2,2021,23.5,382.4,1,24
Cross River,29,74,5,34,17,0,0,0,17,Q2,2021,17.2,255.2,1,34
Delta,41,136,16,72,46,0,0,0,26,Q2,2021,39.0,331.7,2,72
Ebonyi,29,82,15,35,20,0,0,0,15,Q2,2021,51.7,282.8,1,35
Edo,58,154,34,81,61,0,0,0,20,Q2,2021,58.6,265.5,1,81
Ekiti,41,98,20,60,39,0,0,0,21,Q2,2021,48.8,239.0,1,60
Enugu,66,157,22,78,8,0,0,0,70,Q2,2021,33.3,237.9,1,78
FCT,252,483,37,356,135,2,0,0,219,Q2,2021,14.7,191.7,1,356
Gombe,93,239,28,107,40,0,0,0,67,Q2,2021,30.1,257.0,1,107
Imo,23,64,14,24,6,0,0,0,18,Q2,2021,60.9,278.3,1,24
Jigawa,63,370,46,120,74,0,0,1,45,Q2,2021,73.0,587.3,2,120
Kaduna,222,837,217,299,179,0,0,5,115,Q2,2021,97.7,377.0,1,299
Kano,70,286,57,87,56,0,0,0,31,Q2,2021,81.4,408.6,1,87
Katsina,39,148,40,58,40,0,0,0,18,Q2,2021,102.6,379.5,1,58
Kebbi,53,130,4,55,41,1,0,0,13,Q2,2021,7.5,245.3,1,55
Kogi,97,246,25,139,56,0,0,0,83,Q2,2021,25.8,253.6,1,139
Kwara,108,368,80,144,64,2,0,0,78,Q2,2021,74.1,340.7,1,144
Lagos,145,266,47,146,75,0,0,3,68,Q2,2021,32.4,183.4,1,146
Nasarawa,242,600,53,286,107,2,0,0,177,Q2,2021,21.9,247.9,1,286
Niger,148,516,103,194,114,0,0,18,62,Q2,2021,69.6,348.6,1,194
Ogun,337,637,121,343,293,1,0,0,49,Q2,2021,35.9,189.0,1,343
Ondo,114,299,47,148,90,2,0,1,55,Q2,2021,41.2,262.3,1,148
Osun,87,250,52,112,61,0,0,3,48,Q2,2021,59.8,287.4,1,112
Oyo,152,400,85,181,107,0,0,5,69,Q2,2021,55.9,263.2,1,181
Plateau,99,283,23,104,31,0,0,0,73,Q2,2021,23.2,285.9,1,104
Rivers,26,65,6,29,13,0,0,0,16,Q2,2021,23.1,250.0,1,29
Sokoto,23,87,37,39,35,0,0,0,4,Q2,2021,160.9,378.3,2,39
Taraba,56,171,12,77,28,0,0,0,49,Q2,2021,21.4,305.4,1,77
Yobe,32,168,17,47,24,0,0,0,23,Q2,2021,53.1,525.0,1,47
Zamfara,46,213,50,57,35,0,0,0,22,Q2,2021,108.7,463.0,1,57
Abia,20,62,11,24,1,0,0,4,19,Q3,2021,55.0,310.0,1,24
Adamawa,80,208,26,95,0,0,0,66,29,Q3,2021,32.5,260.0,1,95
Akwa Ibom,13,18,1,15,0,0,0,11,4,Q3,2021,7.7,138.5,1,15
Anambra,62,142,17,146,3,0,0,20,123,Q3,2021,27.4,229.0,2,146
Bauchi,130,627,79,127,0,1,0,69,57,Q3,2021,60.8,482.3,1,127
Bayelsa,19,23,8,22,0,0,1,16,5,Q3,2021,42.1,121.1,1,22
Benue,53,159,18,53,1,0,0,37,15,Q3,2021,34.0,300.0,1,53
Borno,17,110,3,16,0,0,0,9,7,Q3,2021,17.6,647.1,1,16
Cross River,37,144,15,40,0,0,1,24,15,Q3,2021,40.5,389.2,1,40
Delta,45,122,23,66,0,0,0,30,36,Q3,2021,51.1,271.1,1,66
Ebonyi,34,100,18,35,0,0,0,19,16,Q3,2021,52.9,294.1,1,35
Edo,66,158,33,98,0,0,0,68,30,Q3,2021,50.0,239.4,1,98
Ekiti,44,127,10,60,1,0,0,30,29,Q3,2021,22.7,288.6,1,60
Enugu,97,270,28,100,0,0,0,45,55,Q3,2021,28.9,278.4,1,100
FCT,307,562,57,436,0,0,2,260,174,Q3,2021,18.6,183.1,1,436
Gombe,73,218,13,83,1,0,0,38,44,Q3,2021,17.8,298.6,1,83
Imo,27,85,16,27,1,0,0,10,16,Q3,2021,59.3,314.8,1,27
Jigawa,94,312,65,137,0,2,0,89,46,Q3,2021,69.1,331.9,1,137
Kaduna,174,684,144,201,0,0,1,118,82,Q3,2021,82.8,393.1,1,201
Kano,32,131,53,33,0,0,0,16,17,Q3,2021,165.6,409.4,1,33
Katsina,18,98,33,27,0,0,0,21,6,Q3,2021,183.3,544.4,2,27
Kebbi,54,159,59,58,0,0,1,41,16,Q3,2021,109.3,294.4,1,58
Kogi,95,280,42,137,0,0,1,72,64,Q3,2021,44.2,294.7,1,137
Kwara,78,255,21,108,0,0,0,65,43,Q3,2021,26.9,326.9,1,108
Lagos,141,233,41,144,0,1,2,71,70,Q3,2021,29.1,165.2,1,144
Nasarawa,212,535,33,265,0,0,0,126,139,Q3,2021,15.6,252.4,1,265
Niger,219,577,150,273,0,0,25,162,86,Q3,2021,68.5,263.5,1,273
Ogun,299,618,98,312,2,0,0,253,57,Q3,2021,32.8,206.7,1,312
Ondo,96,251,51,113,0,0,0,72,41,Q3,2021,53.1,261.5,1,113
Osun,105,324,82,134,0,0,0,78,56,Q3,2021,78.1,308.6,1,134
Oyo,137,344,58,159,0,0,4,88,67,Q3,2021,42.3,251.1,1,159
Plateau,77,249,25,77,0,0,0,23,54,Q3,2021,32.5,323.4,1,77
Rivers,31,88,23,36,0,0,0,16,20,Q3,2021,74.2,283.9,1,36
Sokoto,27,78,15,34,0,0,0,26,8,Q3,2021,55.6,288.9,1,34
Taraba,45,128,3,66,0,0,0,18,48,Q3,2021,6.7,284.4,1,66
Yobe,55,292,41,66,0,0,0,33,33,Q3,2021,74.5,530.9,1,66
Zamfara,21,56,19,21,0,0,0,9,12,Q3,2021,90.5,266.7,1,21
Abia,21,57,3,27,0,0,2,8,17,Q4,2021,14.3,271.4,1,27
Adamawa,76,191,25,92,0,0,0,62,30,Q4,2021,32.9,251.3,1,92
Akwa Ibom,22,39,10,23,0,0,0,12,11,Q4,2021,45.5,177.3,1,23
Anambra,59,156,45,64,1,0,1,24,38,Q4,2021,76.3,264.4,1,64
Bauchi,217,882,156,247,0,0,1,124,122,Q4,2021,71.9,406.5,1,247
Bayelsa,12,37,24,19,0,0,0,16,3,Q4,2021,200.0,308.3,2,19
Benue,53,123,9,51,1,0,0,34,16,Q4,2021,17.0,232.1,1,51
Borno,21,70,5,21,0,0,0,13,8,Q4,2021,23.8,333.3,1,21
Cross River,54,133,20,70,0,0,0,48,22,Q4,2021,37.0,246.3,1,70
Delta,58,172,30,71,0,0,0,29,42,Q4,2021,51.7,296.6,1,71
Ebonyi,30,87,29,33,0,0,0,16,17,Q4,2021,96.7,290.0,1,33
Edo,63,125,40,87,0,0,0,61,26,Q4,2021,63.5,198.4,1,87
Ekiti,27,62,5,38,0,0,0,18,20,Q4,2021,18.5,229.6,1,38
Enugu,56,134,21,63,0,0,0,24,39,Q4,2021,37.5,239.3,1,63
FCT,280,621,66,328,0,0,0,172,156,Q4,2021,23.6,221.8,1,328
Gombe,90,256,30,112,0,0,0,44,68,Q4,2021,33.3,284.4,1,112
Imo,37,130,22,38,0,0,0,20,18,Q4,2021,59.5,351.4,1,38
Jigawa,129,510,62,221,0,0,0,142,79,Q4,2021,48.1,395.3,2,221
Kaduna,177,691,120,188,0,0,5,121,62,Q4,2021,67.8,390.4,1,188
Kano,40,190,40,51,0,0,0,30,21,Q4,2021,100.0,475.0,1,51
Katsina,10,38,13,17,0,0,0,11,6,Q4,2021,130.0,380.0,2,17
Kebbi,62,248,28,64,0,0,0,47,17,Q4,2021,45.2,400.0,1,64
Kogi,137,428,68,232,1,0,0,105,126,Q4,2021,49.6,312.4,2,232
Kwara,108,365,76,136,0,0,0,64,72,Q4,2021,70.4,338.0,1,136
Lagos,159,262,43,156,2,0,3,84,67,Q4,2021,27.0,164.8,1,156
Nasarawa,263,686,59,301,3,0,0,92,206,Q4,2021,22.4,260.8,1,301
Niger,180,759,108,225,0,0,3,154,68,Q4,2021,60.0,421.7,1,225
Ogun,286,633,129,299,0,0,0,239,60,Q4,2021,45.1,221.3,1,299
Ondo,134,247,62,162,0,0,2,95,65,Q4,2021,46.3,184.3,1,162
Osun,107,302,63,134,0,0,0,73,61,Q4,2021,58.9,282.2,1,134
Oyo,163,494,93,185,1,0,5,101,78,Q4,2021,57.1,303.1,1,185
Plateau,74,261,34,80,2,0,0,31,47,Q4,2021,45.9,352.7,1,80
Rivers,27,135,23,37,0,0,0,14,23,Q4,2021,85.2,500.0,1,37
Sokoto,35,146,25,65,0,0,0,61,4,Q4,2021,71.4,417.1,2,65
Taraba,70,178,9,78,0,0,0,25,53,Q4,2021,12.9,254.3,1,78
Yobe,45,188,25,59,0,0,0,29,30,Q4,2021,55.6,417.8,1,59
Zamfara,25,135,32,32,0,0,0,22,10,Q4,2021,128.0,540.0,1,32
Abia,33,144,13,41,1,0,0,20,20,Q1,2022,39.4,436.4,1,41
Adamawa,79,245,61,101,0,0,0,75,26,Q1,2022,77.2,310.1,1,101
Akwa Ibom,16,35,7,16,0,0,0,12,4,Q1,2022,43.8,218.8,1,16
Anambra,38,103,22,46,0,0,1,24,21,Q1,2022,57.9,271.1,1,46
Bauchi,140,499,73,165,0,0,0,90,75,Q1,2022,52.1,356.4,1,165
Bayelsa,23,61,2,35,0,0,0,29,6,Q1,2022,8.7,265.2,2,35
Benue,74,221,27,80,0,0,0,55,25,Q1,2022,36.5,298.6,1,80
Borno,25,114,25,26,0,0,0,15,11,Q1,2022,100.0,456.0,1,26
Cross River,21,71,8,23,0,0,0,13,10,Q1,2022,38.1,338.1,1,23
Delta,81,227,62,106,0,0,0,51,55,Q1,2022,76.5,280.2,1,106
Ebonyi,33,87,22,40,0,0,0,20,20,Q1,2022,66.7,263.6,1,40
Edo,77,176,54,121,0,0,0,80,41,Q1,2022,70.1,228.6,2,121
Ekiti,19,35,3,27,0,0,0,19,8,Q1,2022,15.8,184.2,1,27
Enugu,57,211,38,63,0,0,0,18,45,Q1,2022,66.7,370.2,1,63
FCT,319,467,56,438,2,0,1,240,195,Q1,2022,17.6,146.4,1,438
Gombe,73,274,16,97,0,0,0,53,44,Q1,2022,21.9,375.3,1,97
Imo,26,54,17,27,0,0,0,5,22,Q1,2022,65.4,207.7,1,27
Jigawa,102,417,37,204,0,0,0,168,36,Q1,2022,36.3,408.8,2,204
Kaduna,197,887,197,196,0,0,4,110,82,Q1,2022,100.0,450.3,1,196
Kano,92,417,138,124,0,0,1,80,43,Q1,2022,150.0,453.3,1,124
Katsina,13,76,37,18,0,0,0,10,8,Q1,2022,284.6,584.6,1,18
Kebbi,57,229,22,59,0,0,0,57,2,Q1,2022,38.6,401.8,1,59
Kogi,142,474,95,222,0,0,1,132,89,Q1,2022,66.9,333.8,2,222
Kwara,94,315,86,146,0,0,0,109,37,Q1,2022,91.5,335.1,2,146
Lagos,198,276,48,198,3,0,6,88,101,Q1,2022,24.2,139.4,1,198
Nasarawa,247,556,70,332,0,0,0,183,149,Q1,2022,28.3,225.1,1,332
Niger,146,754,155,197,0,0,21,124,52,Q1,2022,106.2,516.4,1,197
Ogun,268,656,126,344,2,0,0,260,82,Q1,2022,47.0,244.8,1,344
Ondo,127,355,54,157,0,0,0,95,62,Q1,2022,42.5,279.5,1,157
Osun,102,376,29,139,0,0,0,75,64,Q1,2022,28.4,368.6,1,139
Oyo,173,540,73,205,0,0,4,124,77,Q1,2022,42.2,312.1,1,205
Plateau,73,270,36,76,1,0,0,26,49,Q1,2022,49.3,369.9,1,76
Rivers,29,58,7,38,0,0,0,20,18,Q1,2022,24.1,200.0,1,38
Sokoto,27,103,13,33,0,0,0,19,14,Q1,2022,48.1,381.5,1,33
Taraba,71,248,32,74,0,0,3,21,50,Q1,2022,45.1,349.3,1,74
Yobe,26,133,63,38,0,0,0,21,17,Q1,2022,242.3,511.5,1,38
Zamfara,27,130,10,31,0,0,0,20,11,Q1,2022,37.0,481.5,1,31
Abia,29,107,23,42,0,0,0,21,21,Q2,2022,79.3,369.0,1,42
Adamawa,64,176,25,85,0,0,0,50,35,Q2,2022,39.1,275.0,1,85
Akwa Ibom,28,63,12,31,0,0,0,17,14,Q2,2022,42.9,225.0,1,31
Anambra,29,45,18,30,0,0,0,7,23,Q2,2022,62.1,155.2,1,30
Bauchi,90,351,79,107,0,0,0,62,45,Q2,2022,87.8,390.0,1,107
Bayelsa,15,25,4,23,0,0,0,21,2,Q2,2022,26.7,166.7,2,23
Benue,84,273,51,90,1,0,0,51,38,Q2,2022,60.7,325.0,1,90
Borno,13,57,7,12,0,0,0,6,6,Q2,2022,53.8,438.5,1,12
Cross River,29,60,18,36,0,0,0,20,16,Q2,2022,62.1,206.9,1,36
Delta,66,173,32,96,1,0,2,35,58,Q2,2022,48.5,262.1,1,96
Ebonyi,25,76,10,26,0,0,0,11,15,Q2,2022,40.0,304.0,1,26
Edo,58,207,36,90,0,0,0,55,35,Q2,2022,62.1,356.9,2,90
Ekiti,31,58,13,61,1,0,0,54,6,Q2,2022,41.9,187.1,2,61
Enugu,70,215,24,75,0,0,0,28,47,Q2,2022,34.3,307.1,1,75
FCT,538,1028,111,842,1,0,2,425,414,Q2,2022,20.6,191.1,2,842
Gombe,81,199,35,94,0,0,0,43,51,Q2,2022,43.2,245.7,1,94
Imo,20,46,9,26,0,0,0,6,20,Q2,2022,45.0,230.0,1,26
Jigawa,88,333,46,147,0,1,1,99,46,Q2,2022,52.3,378.4,2,147
Kaduna,181,717,177,181,0,0,6,99,76,Q2,2022,97.8,396.1,1,181
Kano,91,406,74,107,0,0,0,71,36,Q2,2022,81.3,446.2,1,107
Katsina,26,131,22,28,0,0,0,21,7,Q2,2022,84.6,503.8,1,28
Kebbi,39,138,13,39,0,0,0,33,6,Q2,2022,33.3,353.8,1,39
Kogi,139,395,81,233,1,0,2,131,99,Q2,2022,58.3,284.2,2,233
Kwara,93,342,67,127,1,0,0,67,59,Q2,2022,72.0,367.7,1,127
Lagos,148,209,32,149,4,1,0,87,57,Q2,2022,21.6,141.2,1,149
Nasarawa,237,602,65,306,1,1,0,133,171,Q2,2022,27.4,254.0,1,306
Niger,128,456,75,185,1,0,2,141,41,Q2,2022,58.6,356.2,1,185
Ogun,239,595,90,344,2,0,0,243,99,Q2,2022,37.7,249.0,1,344
Ondo,114,244,35,156,0,0,0,90,66,Q2,2022,30.7,214.0,1,156
Osun,78,245,20,116,0,0,0,61,55,Q2,2022,25.6,314.1,1,116
Oyo,171,378,64,195,0,0,4,106,85,Q2,2022,37.4,221.1,1,195
Plateau,62,184,39,75,0,0,1,26,48,Q2,2022,62.9,296.8,1,75
Rivers,22,54,6,23,0,0,0,7,16,Q2,2022,27.3,245.5,1,23
Sokoto,31,126,68,40,0,0,0,20,20,Q2,2022,219.4,406.5,1,40
Taraba,66,162,9,86,0,0,2,25,59,Q2,2022,13.6,245.5,1,86
Yobe,31,192,35,44,0,0,0,27,17,Q2,2022,112.9,619.4,1,44
Zamfara,28,78,13,33,0,0,0,19,14,Q2,2022,46.4,278.6,1,33
Abia,24,101,9,2,0,0,0,22,-20,Q3,2022,37.5,420.8,0,2
Adamawa,32,72,3,0,0,0,0,21,-21,Q3,2022,9.4,225.0,0,0
Akwa Ibom,22,55,9,0,0,0,0,20,-20,Q3,2022,40.9,250.0,0,0
Anambra,42,103,20,3,1,0,0,19,-17,Q3,2022,47.6,245.2,0,3
Bauchi,129,436,94,8,0,0,1,98,-91,Q3,2022,72.9,338.0,0,8
Bayelsa,12,16,1,0,0,0,0,15,-15,Q3,2022,8.3,133.3,0,0
Benue,70,227,16,4,0,0,0,49,-45,Q3,2022,22.9,324.3,0,4
Borno,25,154,22,1,0,0,0,10,-9,Q3,2022,88.0,616.0,0,1
Cross River,28,48,17,0,0,0,0,26,-26,Q3,2022,60.7,171.4,0,0
Delta,44,137,25,5,0,0,2,13,-10,Q3,2022,56.8,311.4,0,5
Ebonyi,54,85,17,9,0,0,0,34,-25,Q3,2022,31.5,157.4,0,9
Edo,60,133,28,5,0,0,1,44,-40,Q3,2022,46.7,221.7,0,5
Ekiti,20,46,16,0,1,0,0,38,-39,Q3,2022,80.0,230.0,0,0
Enugu,48,177,18,6,0,0,0,17,-11,Q3,2022,37.5,368.8,0,6
FCT,464,784,109,23,0,0,2,369,-348,Q3,2022,23.5,169.0,0,23
Gombe,58,165,9,3,0,0,0,19,-16,Q3,2022,15.5,284.5,0,3
Imo,17,45,4,4,0,0,0,3,1,Q3,2022,23.5,264.7,0,4
Jigawa,147,503,46,3,0,0,1,201,-199,Q3,2022,31.3,342.2,0,3
Kaduna,192,744,164,4,2,0,3,119,-120,Q3,2022,85.4,387.5,0,4
Kano,104,330,57,3,0,0,0,96,-93,Q3,2022,54.8,317.3,0,3
Katsina,54,221,77,2,0,0,0,43,-41,Q3,2022,142.6,409.3,0,2
Kebbi,52,154,39,0,0,0,0,45,-45,Q3,2022,75.0,296.2,0,0
Kogi,110,305,36,5,0,0,5,99,-99,Q3,2022,32.7,277.3,0,5
Kwara,80,267,30,1,0,0,0,96,-95,Q3,2022,37.5,333.8,0,1
Lagos,146,201,57,18,3,0,0,79,-64,Q3,2022,39.0,137.7,0,18
Nasarawa,241,626,78,37,1,0,0,129,-93,Q3,2022,32.4,259.8,0,37
Niger,124,308,41,7,0,0,9,120,-122,Q3,2022,33.1,248.4,0,7
Ogun,306,718,102,27,1,0,0,313,-287,Q3,2022,33.3,234.6,0,27
Ondo,139,356,59,1,0,0,1,103,-103,Q3,2022,42.4,256.1,0,1
Osun,95,327,30,1,0,0,0,78,-77,Q3,2022,31.6,344.2,0,1
Oyo,166,514,84,1,0,0,2,105,-106,Q3,2022,50.6,309.6,0,1
Plateau,80,227,32,6,1,0,2,38,-35,Q3,2022,40.0,283.8,0,6
Rivers,21,42,9,0,0,0,0,8,-8,Q3,2022,42.9,200.0,0,0
Sokoto,48,146,38,4,0,0,2,31,-29,Q3,2022,79.2,304.2,0,4
Taraba,81,217,8,6,0,0,0,18,-12,Q3,2022,9.9,267.9,0,6
Yobe,48,191,60,21,0,0,0,26,-5,Q3,2022,125.0,397.9,0,21
Zamfara,29,77,12,1,0,0,0,22,-21,Q3,2022,41.4,265.5,0,1
Abia,33,89,7,35,12,0,0,0,23,Q4,2022,21.2,269.7,1,35
Adamawa,34,117,17,34,22,0,0,0,12,Q4,2022,50.0,344.1,1,34
Akwa Ibom,23,75,15,23,16,0,0,0,7,Q4,2022,65.2,326.1,1,23
Anambra,40,121,14,48,21,0,0,0,27,Q4,2022,35.0,302.5,1,48
Bauchi,122,523,93,161,72,0,0,1,88,Q4,2022,76.2,428.7,1,161
Bayelsa,8,17,1,9,4,0,0,0,5,Q4,2022,12.5,212.5,1,9
Benue,73,225,24,77,52,1,0,0,24,Q4,2022,32.9,308.2,1,77
Borno,39,207,66,47,5,0,0,0,42,Q4,2022,169.2,530.8,1,47
Cross River,39,81,21,51,27,0,0,0,24,Q4,2022,53.8,207.7,1,51
Delta,48,174,30,56,27,0,0,0,29,Q4,2022,62.5,362.5,1,56
Ebonyi,55,118,19,61,16,0,0,0,45,Q4,2022,34.5,214.5,1,61
Edo,63,142,23,98,10,1,0,0,87,Q4,2022,36.5,225.4,2,98
Ekiti,19,40,9,30,11,0,0,0,19,Q4,2022,47.4,210.5,2,30
Enugu,56,157,19,73,33,1,0,0,39,Q4,2022,33.9,280.4,1,73
FCT,482,791,127,864,120,0,0,158,586,Q4,2022,26.3,164.1,2,864
Gombe,115,363,47,136,33,0,0,0,103,Q4,2022,40.9,315.7,1,136
Imo,31,97,21,26,6,0,0,0,20,Q4,2022,67.7,312.9,1,26
Jigawa,179,624,44,311,128,0,0,1,182,Q4,2022,24.6,348.6,2,311
Kaduna,205,810,142,203,133,0,0,10,60,Q4,2022,69.3,395.1,1,203
Kano,120,411,94,147,66,0,0,0,81,Q4,2022,78.3,342.5,1,147
Katsina,36,169,32,44,21,0,0,0,23,Q4,2022,88.9,469.4,1,44
Kebbi,44,186,43,45,13,0,0,0,32,Q4,2022,97.7,422.7,1,45
Kogi,138,413,81,181,82,0,0,0,99,Q4,2022,58.7,299.3,1,181
Kwara,91,252,54,142,49,0,0,0,93,Q4,2022,59.3,276.9,2,142
Lagos,167,268,42,155,92,0,0,0,63,Q4,2022,25.1,160.5,1,155
Nasarawa,234,580,57,288,105,0,0,0,183,Q4,2022,24.4,247.9,1,288
Niger,145,553,96,195,90,2,0,7,96,Q4,2022,66.2,381.4,1,195
Ogun,301,663,77,478,183,1,0,0,294,Q4,2022,25.6,220.3,2,478
Ondo,109,247,33,133,81,0,0,1,51,Q4,2022,30.3,226.6,1,133
Osun,101,319,39,126,64,0,2,0,60,Q4,2022,38.6,315.8,1,126
Oyo,165,423,84,209,115,0,0,2,92,Q4,2022,50.9,256.4,1,209
Plateau,84,254,29,84,27,0,0,0,57,Q4,2022,34.5,302.4,1,84
Rivers,26,43,16,29,6,0,0,0,23,Q4,2022,61.5,165.4,1,29
Sokoto,37,148,26,50,19,2,0,0,29,Q4,2022,70.3,400.0,1,50
Taraba,68,192,8,83,4,0,0,0,79,Q4,2022,11.8,282.4,1,83
Yobe,57,237,35,68,25,0,0,0,43,Q4,2022,61.4,415.8,1,68
Zamfara,30,103,23,35,13,0,0,0,22,Q4,2022,76.7,343.3,1,35
Abia,12,45,16,14,7,0,0,0,7,Q1,2023,133.3,375.0,1,14
Adamawa,53,152,20,56,35,0,0,0,21,Q1,2023,37.7,286.8,1,56
Akwa Ibom,9,16,3,11,4,0,0,0,7,Q1,2023,33.3,177.8,1,11
Anambra,15,76,3,19,8,0,0,0,11,Q1,2023,20.0,506.7,1,19
Bauchi,110,473,139,155,79,0,0,0,76,Q1,2023,126.4,430.0,1,155
Bayelsa,6,11,1,10,8,0,0,0,2,Q1,2023,16.7,183.3,2,10
Benue,37,84,4,37,19,0,0,0,18,Q1,2023,10.8,227.0,1,37
Borno,26,76,9,26,6,0,0,0,20,Q1,2023,34.6,292.3,1,26
Cross River,12,35,7,15,12,0,0,0,3,Q1,2023,58.3,291.7,1,15
Delta,22,87,34,34,15,0,0,0,19,Q1,2023,154.5,395.5,2,34
Ebonyi,49,131,14,53,28,1,0,0,24,Q1,2023,28.6,267.3,1,53
Edo,55,183,41,94,25,0,0,0,69,Q1,2023,74.5,332.7,2,94
Ekiti,22,48,2,50,39,1,0,0,10,Q1,2023,9.1,218.2,2,50
Enugu,37,99,21,48,28,0,0,0,20,Q1,2023,56.8,267.6,1,48
FCT,382,667,100,616,300,0,2,6,308,Q1,2023,26.2,174.6,2,616
Gombe,61,240,26,87,47,0,0,0,40,Q1,2023,42.6,393.4,1,87
Imo,18,58,11,14,8,0,0,0,6,Q1,2023,61.1,322.2,1,14
Jigawa,129,400,26,226,185,0,0,0,41,Q1,2023,20.2,310.1,2,226
Kaduna,203,782,139,195,109,0,0,8,78,Q1,2023,68.5,385.2,1,195
Kano,66,309,69,78,53,0,0,0,25,Q1,2023,104.5,468.2,1,78
Katsina,23,143,29,25,18,0,0,0,7,Q1,2023,126.1,621.7,1,25
Kebbi,27,128,62,31,25,0,0,0,6,Q1,2023,229.6,474.1,1,31
Kogi,97,313,64,131,73,0,0,1,57,Q1,2023,66.0,322.7,1,131
Kwara,91,328,54,139,88,1,0,0,50,Q1,2023,59.3,360.4,2,139
Lagos,113,230,40,113,66,0,0,1,46,Q1,2023,35.4,203.5,1,113
Nasarawa,143,315,23,183,73,0,0,0,110,Q1,2023,16.1,220.3,1,183
Niger,123,407,94,161,103,0,1,3,54,Q1,2023,76.4,330.9,1,161
Ogun,269,707,113,457,320,1,0,6,130,Q1,2023,42.0,262.8,2,457
Ondo,99,239,43,112,70,0,0,1,41,Q1,2023,43.4,241.4,1,112
Osun,69,255,13,83,53,0,0,0,30,Q1,2023,18.8,369.6,1,83
Oyo,106,247,53,136,84,0,0,1,51,Q1,2023,50.0,233.0,1,136
Plateau,100,420,55,120,42,0,0,0,78,Q1,2023,55.0,420.0,1,120
Rivers,18,37,9,21,16,1,0,0,4,Q1,2023,50.0,205.6,1,21
Sokoto,18,69,40,23,14,0,0,0,9,Q1,2023,222.2,383.3,1,23
Taraba,55,201,24,56,9,0,0,0,47,Q1,2023,43.6,365.5,1,56
Yobe,38,215,26,57,36,0,0,0,21,Q1,2023,68.4,565.8,2,57
Zamfara,20,113,14,24,14,0,0,0,10,Q1,2023,70.0,565.0,1,24
Abia,12,22,3,11,2,0,0,0,9,Q2,2023,25.0,183.3,1,11
Adamawa,57,175,5,61,39,0,0,0,22,Q2,2023,8.8,307.0,1,61
Akwa Ibom,17,32,6,19,12,0,0,0,7,Q2,2023,35.3,188.2,1,19
Anambra,34,60,12,34,11,0,0,1,22,Q2,2023,35.3,176.5,1,34
Bauchi,100,399,84,133,80,0,0,0,53,Q2,2023,84.0,399.0,1,133
Bayelsa,7,30,8,9,3,0,0,0,6,Q2,2023,114.3,428.6,1,9
Benue,57,156,29,57,47,0,0,0,10,Q2,2023,50.9,273.7,1,57
Borno,54,164,13,55,20,0,0,0,35,Q2,2023,24.1,303.7,1,55
Cross River,27,85,22,32,25,0,0,0,7,Q2,2023,81.5,314.8,1,32
Delta,28,84,17,40,14,1,0,0,25,Q2,2023,60.7,300.0,1,40
Ebonyi,48,97,43,53,35,0,0,0,18,Q2,2023,89.6,202.1,1,53
Edo,71,222,50,97,35,0,0,0,62,Q2,2023,70.4,312.7,1,97
Ekiti,28,51,9,51,38,0,0,0,13,Q2,2023,32.1,182.1,2,51
Enugu,44,129,40,68,26,0,0,0,42,Q2,2023,90.9,293.2,2,68
FCT,320,653,65,502,285,1,2,0,214,Q2,2023,20.3,204.1,2,502
Gombe,60,220,30,70,40,0,0,0,30,Q2,2023,50.0,366.7,1,70
Imo,20,37,8,25,16,0,0,0,9,Q2,2023,40.0,185.0,1,25
Jigawa,107,291,53,194,136,0,0,0,58,Q2,2023,49.5,272.0,2,194
Kaduna,190,755,119,218,125,1,0,7,85,Q2,2023,62.6,397.4,1,218
Kano,87,272,46,115,54,0,0,1,60,Q2,2023,52.9,312.6,1,115
Katsina,37,131,34,47,31,0,0,0,16,Q2,2023,91.9,354.1,1,47
Kebbi,37,89,24,32,26,0,0,0,6,Q2,2023,64.9,240.5,1,32
Kogi,107,360,57,118,64,0,0,0,54,Q2,2023,53.3,336.4,1,118
Kwara,77,288,37,127,95,0,0,0,32,Q2,2023,48.1,374.0,2,127
Lagos,138,209,52,138,77,4,0,0,57,Q2,2023,37.7,151.4,1,138
Nasarawa,208,532,55,274,140,0,0,0,134,Q2,2023,26.4,255.8,1,274
Niger,150,499,78,177,128,1,1,2,45,Q2,2023,52.0,332.7,1,177
Ogun,283,621,97,502,340,0,0,2,160,Q2,2023,34.3,219.4,2,502
Ondo,113,278,39,129,83,0,1,1,44,Q2,2023,34.5,246.0,1,129
Osun,89,230,54,95,56,0,0,0,39,Q2,2023,60.7,258.4,1,95
Oyo,144,370,94,155,87,0,1,0,67,Q2,2023,65.3,256.9,1,155
Plateau,61,194,33,71,25,0,0,1,45,Q2,2023,54.1,318.0,1,71
Rivers,22,34,11,31,18,0,0,0,13,Q2,2023,50.0,154.5,1,31
Sokoto,17,58,8,30,13,0,0,0,17,Q2,2023,47.1,341.2,2,30
Taraba,47,99,10,63,22,0,0,0,41,Q2,2023,21.3,210.6,1,63
Yobe,50,305,32,64,36,0,0,0,28,Q2,2023,64.0,610.0,1,64
Zamfara,19,146,32,23,14,0,0,0,9,Q2,2023,168.4,768.4,1,23
Abia,15,42,11,18,5,0,0,0,13,Q3,2023,73.3,280.0,1,18
Adamawa,32,89,6,33,21,0,0,0,12,Q3,2023,18.8,278.1,1,33
Akwa Ibom,8,14,3,10,9,0,0,0,1,Q3,2023,37.5,175.0,1,10
Anambra,34,90,19,42,14,0,0,0,28,Q3,2023,55.9,264.7,1,42
Bauchi,51,159,16,57,36,0,0,0,21,Q3,2023,31.4,311.8,1,57
Bayelsa,5,2,0,7,6,0,0,0,1,Q3,2023,0.0,40.0,1,7
Benue,55,176,13,57,44,0,0,0,13,Q3,2023,23.6,320.0,1,57
Borno,28,93,17,26,8,0,0,0,18,Q3,2023,60.7,332.1,1,26
Cross River,18,25,12,21,10,0,0,0,11,Q3,2023,66.7,138.9,1,21
Delta,30,63,15,42,17,0,0,0,25,Q3,2023,50.0,210.0,1,42
Ebonyi,19,39,10,18,12,0,0,0,6,Q3,2023,52.6,205.3,1,18
Edo,33,79,16,61,40,0,0,0,21,Q3,2023,48.5,239.4,2,61
Ekiti,29,53,23,50,28,1,0,0,21,Q3,2023,79.3,182.8,2,50
Enugu,32,96,31,36,18,0,0,0,18,Q3,2023,96.9,300.0,1,36
FCT,349,607,82,511,278,2,1,1,229,Q3,2023,23.5,173.9,1,511
Gombe,40,140,11,40,17,0,0,0,23,Q3,2023,27.5,350.0,1,40
Imo,20,107,10,20,9,0,0,0,11,Q3,2023,50.0,535.0,1,20
Jigawa,64,217,21,120,89,0,1,0,30,Q3,2023,32.8,339.1,2,120
Kaduna,117,481,82,115,71,0,0,4,40,Q3,2023,70.1,411.1,1,115
Kano,43,132,24,52,25,0,0,0,27,Q3,2023,55.8,307.0,1,52
Katsina,18,78,13,33,17,0,1,0,15,Q3,2023,72.2,433.3,2,33
Kebbi,10,14,0,10,10,0,0,0,0,Q3,2023,0.0,140.0,1,10
Kogi,96,355,52,112,21,0,0,0,91,Q3,2023,54.2,369.8,1,112
Kwara,73,222,51,110,30,0,0,0,80,Q3,2023,69.9,304.1,2,110
Lagos,106,164,34,110,56,1,0,0,53,Q3,2023,32.1,154.7,1,110
Nasarawa,162,411,37,220,113,1,1,0,105,Q3,2023,22.8,253.7,1,220
Niger,101,382,56,138,98,1,0,2,37,Q3,2023,55.4,378.2,1,138
Ogun,212,584,82,396,262,0,0,0,134,Q3,2023,38.7,275.5,2,396
Ondo,68,161,44,102,68,0,0,4,30,Q3,2023,64.7,236.8,2,102
Osun,67,239,41,95,59,0,0,0,36,Q3,2023,61.2,356.7,1,95
Oyo,118,332,45,160,106,0,0,0,54,Q3,2023,38.1,281.4,1,160
Plateau,44,100,4,50,32,0,0,0,18,Q3,2023,9.1,227.3,1,50
Rivers,13,49,3,21,11,0,0,0,10,Q3,2023,23.1,376.9,2,21
Sokoto,15,36,11,24,14,0,0,0,10,Q3,2023,73.3,240.0,2,24
Taraba,24,79,0,28,8,0,0,0,20,Q3,2023,0.0,329.2,1,28
Yobe,28,93,12,33,11,0,0,0,22,Q3,2023,42.9,332.1,1,33
Zamfara,10,38,1,13,8,0,0,0,5,Q3,2023,10.0,380.0,1,13
Abia,26,159,14,31,13,1,0,0,17,Q4,2023,53.8,611.5,1,31
Adamawa,42,153,11,57,34,0,0,0,23,Q4,2023,26.2,364.3,1,57
Akwa Ibom,12,24,15,15,8,0,1,0,6,Q4,2023,125.0,200.0,1,15
Anambra,32,71,9,36,11,0,0,0,25,Q4,2023,28.1,221.9,1,36
Bauchi,83,361,46,136,55,0,0,2,79,Q4,2023,55.4,434.9,2,136
Bayelsa,3,14,0,4,0,0,0,0,4,Q4,2023,0.0,466.7,1,4
Benue,42,114,23,42,27,0,0,0,15,Q4,2023,54.8,271.4,1,42
Borno,19,210,5,32,4,0,0,0,28,Q4,2023,26.3,1105.3,2,32
Cross River,26,42,16,28,15,0,0,0,13,Q4,2023,61.5,161.5,1,28
Delta,38,123,29,41,20,0,0,1,20,Q4,2023,76.3,323.7,1,41
Ebonyi,25,72,11,28,15,0,0,0,13,Q4,2023,44.0,288.0,1,28
Edo,46,102,16,67,38,0,0,0,29,Q4,2023,34.8,221.7,1,67
Ekiti,24,37,2,42,30,1,0,0,11,Q4,2023,8.3,154.2,2,42
Enugu,42,193,16,52,31,0,0,0,21,Q4,2023,38.1,459.5,1,52
FCT,296,548,69,382,258,0,0,1,123,Q4,2023,23.3,185.1,1,382
Gombe,118,464,29,100,57,0,0,0,43,Q4,2023,24.6,393.2,1,100
Imo,29,72,24,33,17,3,1,0,12,Q4,2023,82.8,248.3,1,33
Jigawa,114,460,36,211,160,0,0,3,48,Q4,2023,31.6,403.5,2,211
Kaduna,209,889,150,218,118,1,0,9,90,Q4,2023,71.8,425.4,1,218
Kano,59,265,62,77,54,0,0,0,23,Q4,2023,105.1,449.2,1,77
Katsina,40,207,45,49,30,0,0,0,19,Q4,2023,112.5,517.5,1,49
Kebbi,50,219,40,52,46,0,0,0,6,Q4,2023,80.0,438.0,1,52
Kogi,107,355,65,128,67,0,0,0,61,Q4,2023,60.7,331.8,1,128
Kwara,75,316,57,110,47,0,0,2,61,Q4,2023,76.0,421.3,1,110
Lagos,101,127,17,102,65,0,0,1,36,Q4,2023,16.8,125.7,1,102
Nasarawa,212,555,32,268,148,2,2,0,116,Q4,2023,15.1,261.8,1,268
Niger,99,649,97,134,108,0,0,2,24,Q4,2023,98.0,655.6,1,134
Ogun,202,521,102,380,265,0,0,0,115,Q4,2023,50.5,257.9,2,380
Ondo,100,264,54,135,81,0,1,3,50,Q4,2023,54.0,264.0,1,135
Osun,96,287,47,146,84,0,4,2,56,Q4,2023,49.0,299.0,2,146
Oyo,127,372,78,194,122,0,0,3,69,Q4,2023,61.4,292.9,2,194
Plateau,74,244,28,78,39,0,0,2,37,Q4,2023,37.8,329.7,1,78
Rivers,16,28,3,17,10,0,0,0,7,Q4,2023,18.8,175.0,1,17
Sokoto,25,110,13,26,12,0,0,0,14,Q4,2023,52.0,440.0,1,26
Taraba,43,113,13,41,13,0,0,0,28,Q4,2023,30.2,262.8,1,41
Yobe,50,340,31,72,26,0,0,0,46,Q4,2023,62.0,680.0,1,72
Zamfara,15,36,18,21,17,0,0,0,4,Q4,2023,120.0,240.0,1,21
Abia,19,45,5,17,6,0,0,0,11,Q1,2024,26.3,236.8,1,17
Adamawa,29,163,27,42,29,0,0,0,13,Q1,2024,93.1,562.1,1,42
Akwa Ibom,10,23,5,13,5,0,0,0,8,Q1,2024,50.0,230.0,1,13
Anambra,31,73,13,36,17,0,0,2,17,Q1,2024,41.9,235.5,1,36
Bauchi,99,442,45,124,67,0,0,1,56,Q1,2024,45.5,446.5,1,124
Bayelsa,13,26,5,21,13,0,0,0,8,Q1,2024,38.5,200.0,2,21
Benue,83,317,49,101,62,2,0,0,37,Q1,2024,59.0,381.9,1,101
Borno,26,173,3,42,19,0,0,0,23,Q1,2024,11.5,665.4,2,42
Cross River,32,112,15,38,25,0,0,0,13,Q1,2024,46.9,350.0,1,38
Delta,31,76,18,44,26,0,0,0,18,Q1,2024,58.1,245.2,1,44
Ebonyi,43,60,19,35,22,0,0,0,13,Q1,2024,44.2,139.5,1,35
Edo,61,159,39,73,46,0,0,2,25,Q1,2024,63.9,260.7,1,73
Ekiti,24,55,9,33,27,2,0,0,4,Q1,2024,37.5,229.2,1,33
Enugu,44,164,24,50,39,0,0,0,11,Q1,2024,54.5,372.7,1,50
FCT,273,504,62,368,280,0,0,2,86,Q1,2024,22.7,184.6,1,368
Gombe,88,349,44,88,46,0,0,0,42,Q1,2024,50.0,396.6,1,88
Imo,34,134,36,28,25,0,0,0,3,Q1,2024,105.9,394.1,1,28
Jigawa,95,308,41,155,104,0,0,1,50,Q1,2024,43.2,324.2,2,155
Kaduna,180,828,171,181,96,1,0,6,78,Q1,2024,95.0,460.0,1,181
Kano,54,236,30,66,44,0,0,0,22,Q1,2024,55.6,437.0,1,66
Katsina,35,133,38,50,33,0,0,0,17,Q1,2024,108.6,380.0,1,50
Kebbi,33,250,41,34,29,0,0,0,5,Q1,2024,124.2,757.6,1,34
Kogi,121,500,83,193,126,1,0,1,65,Q1,2024,68.6,413.2,2,193
Kwara,74,300,70,109,63,0,0,0,46,Q1,2024,94.6,405.4,1,109
Lagos,113,165,18,111,71,1,0,0,39,Q1,2024,15.9,146.0,1,111
Nasarawa,169,438,41,242,167,2,1,0,72,Q1,2024,24.3,259.2,1,242
Niger,127,433,119,182,140,0,2,3,37,Q1,2024,93.7,340.9,1,182
Ogun,200,542,98,365,261,0,0,0,104,Q1,2024,49.0,271.0,2,365
Ondo,84,245,35,146,80,0,0,1,65,Q1,2024,41.7,291.7,2,146
Osun,100,376,96,123,71,0,0,1,51,Q1,2024,96.0,376.0,1,123
Oyo,131,298,68,122,84,0,0,2,36,Q1,2024,51.9,227.5,1,122
Plateau,77,185,15,98,48,1,0,0,49,Q1,2024,19.5,240.3,1,98
Rivers,15,32,4,21,17,0,0,0,4,Q1,2024,26.7,213.3,1,21
Sokoto,24,122,41,52,41,0,0,0,11,Q1,2024,170.8,508.3,2,52
Taraba,38,98,17,38,17,0,0,0,21,Q1,2024,44.7,257.9,1,38
Yobe,39,234,13,55,38,0,0,0,17,Q1,2024,33.3,600.0,1,55
Zamfara,13,61,14,16,14,0,0,0,2,Q1,2024,107.7,469.2,1,16
